ID,PROVINCE,NAME_EN,WIKIDATA,MS_FB,MS_FB_PARE
PP-2,Punjab,PP-2 Attock-II,Q59207303,country:pk/province:pb/provincial-constituency:pp-2,country:pk/province:pb
PP-1,Punjab,PP-1 Attock-I,Q59207301,country:pk/province:pb/provincial-constituency:pp-1,country:pk/province:pb
PP-5,Punjab,PP-5 Attock-V,Q59207306,country:pk/province:pb/provincial-constituency:pp-5,country:pk/province:pb
PP-4,Punjab,PP-4 Attock-IV,Q59207305,country:pk/province:pb/provincial-constituency:pp-4,country:pk/province:pb
PP-3,Punjab,PP-3 Attock-III,Q59207304,country:pk/province:pb/provincial-constituency:pp-3,country:pk/province:pb
PP-24,Punjab,PP-24 Chakwal-IV,Q59207329,country:pk/province:pb/provincial-constituency:pp-24,country:pk/province:pb
PP-23,Punjab,PP-23 Chakwal-III,Q59207328,country:pk/province:pb/provincial-constituency:pp-23,country:pk/province:pb
PP-21,Punjab,PP-21 Chakwal-I,Q59207326,country:pk/province:pb/provincial-constituency:pp-21,country:pk/province:pb
PP-22,Punjab,PP-22 Chakwal-II,Q59207327,country:pk/province:pb/provincial-constituency:pp-22,country:pk/province:pb
PP-25,Punjab,PP-25 Jhelum-I,Q59207330,country:pk/province:pb/provincial-constituency:pp-25,country:pk/province:pb
PP-26,Punjab,PP-26 Jhelum-II,Q59207331,country:pk/province:pb/provincial-constituency:pp-26,country:pk/province:pb
PP-27,Punjab,PP-27 Jhelum-III,Q59207332,country:pk/province:pb/provincial-constituency:pp-27,country:pk/province:pb
PP-83,Punjab,PP-83 Khushab-II,Q59207400,country:pk/province:pb/provincial-constituency:pp-83,country:pk/province:pb
PP-84,Punjab,PP-84 Khushab-III,Q59207401,country:pk/province:pb/provincial-constituency:pp-84,country:pk/province:pb
PP-34,Punjab,PP-34 Gujrat-VII,Q59207339,country:pk/province:pb/provincial-constituency:pp-34,country:pk/province:pb
PP-33,Punjab,PP-33 Gujrat-VI,Q59207338,country:pk/province:pb/provincial-constituency:pp-33,country:pk/province:pb
PP-30,Punjab,PP-30 Gujrat-III,Q59207335,country:pk/province:pb/provincial-constituency:pp-30,country:pk/province:pb
PP-31,Punjab,PP-31 Gujrat-IV,Q59207336,country:pk/province:pb/provincial-constituency:pp-31,country:pk/province:pb
PP-29,Punjab,PP-29 Gujrat-II,Q59207334,country:pk/province:pb/provincial-constituency:pp-29,country:pk/province:pb
PP-28,Punjab,PP-28 Gujrat-I,Q59207333,country:pk/province:pb/provincial-constituency:pp-28,country:pk/province:pb
PP-82,Punjab,PP-82 Khushab-I,Q59207398,country:pk/province:pb/provincial-constituency:pp-82,country:pk/province:pb
PP-32,Punjab,PP-32 Gujrat-V,Q59207337,country:pk/province:pb/provincial-constituency:pp-32,country:pk/province:pb
PP-86,Punjab,PP-86 Mianwali-II,Q59207403,country:pk/province:pb/provincial-constituency:pp-86,country:pk/province:pb
PP-85,Punjab,PP-85 Mianwali-I,Q59207402,country:pk/province:pb/provincial-constituency:pp-85,country:pk/province:pb
PP-87,Punjab,PP-87 Mianwali-III,Q59207404,country:pk/province:pb/provincial-constituency:pp-87,country:pk/province:pb
PP-88,Punjab,PP-88 Mianwali-IV,Q59207405,country:pk/province:pb/provincial-constituency:pp-88,country:pk/province:pb
PP-65,Punjab,PP-65 MandiBahauddin-I,Q59207379,country:pk/province:pb/provincial-constituency:pp-65,country:pk/province:pb
PP-66,Punjab,PP-66 MandiBahauddin-II,Q59207380,country:pk/province:pb/provincial-constituency:pp-66,country:pk/province:pb
PP-67,Punjab,PP-67 MandiBahauddin-III,Q59207381,country:pk/province:pb/provincial-constituency:pp-67,country:pk/province:pb
PP-68,Punjab,PP-68 MandiBahauddin-IV,Q59207382,country:pk/province:pb/provincial-constituency:pp-68,country:pk/province:pb
PP-89,Punjab,PP-89 Bhakkar-I,Q59207406,country:pk/province:pb/provincial-constituency:pp-89,country:pk/province:pb
PP-91,Punjab,PP-91 Bhakkar-III,Q59207408,country:pk/province:pb/provincial-constituency:pp-91,country:pk/province:pb
PP-92,Punjab,PP-92 Bhakkar-IV,Q59207409,country:pk/province:pb/provincial-constituency:pp-92,country:pk/province:pb
PP-90,Punjab,PP-90 Bhakkar-II,Q59207407,country:pk/province:pb/provincial-constituency:pp-90,country:pk/province:pb
PP-74,Punjab,PP-74 Sargodha-III,Q59207390,country:pk/province:pb/provincial-constituency:pp-74,country:pk/province:pb
PP-72,Punjab,PP-72 Sargodha-I,Q59207386,country:pk/province:pb/provincial-constituency:pp-72,country:pk/province:pb
PP-73,Punjab,PP-73 Sargodha-II,Q59207387,country:pk/province:pb/provincial-constituency:pp-73,country:pk/province:pb
PP-81,Punjab,PP-81 Sargodha-X,Q59207397,country:pk/province:pb/provincial-constituency:pp-81,country:pk/province:pb
PP-80,Punjab,PP-80 Sargodha-VIX,Q59207396,country:pk/province:pb/provincial-constituency:pp-80,country:pk/province:pb
PP-75,Punjab,PP-75 Sargodha-IV,Q59207391,country:pk/province:pb/provincial-constituency:pp-75,country:pk/province:pb
PP-76,Punjab,PP-76 Sargodha-V,Q59207392,country:pk/province:pb/provincial-constituency:pp-76,country:pk/province:pb
PP-79,Punjab,PP-79 Sargodha-VIII,Q59207395,country:pk/province:pb/provincial-constituency:pp-79,country:pk/province:pb
PP-78,Punjab,PP-78 Sargodha-VII,Q59207394,country:pk/province:pb/provincial-constituency:pp-78,country:pk/province:pb
PP-77,Punjab,PP-77 Sargodha-VI,Q59207393,country:pk/province:pb/provincial-constituency:pp-77,country:pk/province:pb
PP-282,Punjab,PP-282 Layyah-III,Q59207653,country:pk/province:pb/provincial-constituency:pp-282,country:pk/province:pb
PP-280,Punjab,PP-280 Layyah-I,Q59207650,country:pk/province:pb/provincial-constituency:pp-280,country:pk/province:pb
PP-281,Punjab,PP-281 Layyah-II,Q59207652,country:pk/province:pb/provincial-constituency:pp-281,country:pk/province:pb
PP-284,Punjab,PP-284 Layyah-V,Q59207655,country:pk/province:pb/provincial-constituency:pp-284,country:pk/province:pb
PP-283,Punjab,PP-283 Layyah-IV,Q59207654,country:pk/province:pb/provincial-constituency:pp-283,country:pk/province:pb
PP-268,Punjab,PP-268 Muzaffargarh-I,Q59207635,country:pk/province:pb/provincial-constituency:pp-268,country:pk/province:pb
PP-279,Punjab,PP-279 Muzaffargarh-XII,Q59207649,country:pk/province:pb/provincial-constituency:pp-279,country:pk/province:pb
PP-278,Punjab,PP-278 Muzaffargarh-XI,Q59207648,country:pk/province:pb/provincial-constituency:pp-278,country:pk/province:pb
PP-277,Punjab,PP-277 Muzaffargarh-X,Q59207647,country:pk/province:pb/provincial-constituency:pp-277,country:pk/province:pb
PP-276,Punjab,PP-276 Muzaffargarh-IX,Q59207646,country:pk/province:pb/provincial-constituency:pp-276,country:pk/province:pb
PP-275,Punjab,PP-275 Muzaffargarh-VIII,Q59207645,country:pk/province:pb/provincial-constituency:pp-275,country:pk/province:pb
PP-274,Punjab,PP-274 Muzaffargarh-VII,Q59207643,country:pk/province:pb/provincial-constituency:pp-274,country:pk/province:pb
PP-285,Punjab,PP-285 Dera Ghazi Khan-I,Q59207656,country:pk/province:pb/provincial-constituency:pp-285,country:pk/province:pb
PP-286,Punjab,PP-286 Dera Ghazi Khan-II,Q56173967,country:pk/province:pb/provincial-constituency:pp-286,country:pk/province:pb
PP-287,Punjab,PP-287 Dera Ghazi Khan-III,Q59207657,country:pk/province:pb/provincial-constituency:pp-287,country:pk/province:pb
PP-289,Punjab,PP-289 Dera Ghazi Khan-V,Q59207659,country:pk/province:pb/provincial-constituency:pp-289,country:pk/province:pb
PP-290,Punjab,PP-290 Dera Ghazi Khan-VI,Q59207660,country:pk/province:pb/provincial-constituency:pp-290,country:pk/province:pb
PP-288,Punjab,PP-288 Dera Ghazi Khan-IV,Q59207658,country:pk/province:pb/provincial-constituency:pp-288,country:pk/province:pb
PP-291,Punjab,PP-291 Dera Ghazi Khan-VII,Q59207663,country:pk/province:pb/provincial-constituency:pp-291,country:pk/province:pb
PP-292,Punjab,PP-292 Dera Ghazi Khan-VIII,Q59207664,country:pk/province:pb/provincial-constituency:pp-292,country:pk/province:pb
PP-293,Punjab,PP-293 Rajan Pur-I,Q59207665,country:pk/province:pb/provincial-constituency:pp-293,country:pk/province:pb
PP-294,Punjab,PP-294 Rajan Pur-II,Q59207666,country:pk/province:pb/provincial-constituency:pp-294,country:pk/province:pb
PP-295,Punjab,PP-295 Rajan Pur-III,Q59207667,country:pk/province:pb/provincial-constituency:pp-295,country:pk/province:pb
PP-296,Punjab,PP-296 Rajan Pur-IV,Q59207669,country:pk/province:pb/provincial-constituency:pp-296,country:pk/province:pb
PP-297,Punjab,PP-297 Rajan Pur-V,Q59207670,country:pk/province:pb/provincial-constituency:pp-297,country:pk/province:pb
PP-256,Punjab,PP-256 Rahim Yar Khan-II,Q59207622,country:pk/province:pb/provincial-constituency:pp-256,country:pk/province:pb
PP-259,Punjab,PP-259 Rahim Yar Khan-V,Q59207625,country:pk/province:pb/provincial-constituency:pp-259,country:pk/province:pb
PP-258,Punjab,PP-258 Rahim Yar Khan-IV,Q59207624,country:pk/province:pb/provincial-constituency:pp-258,country:pk/province:pb
PP-260,Punjab,PP-260 Rahim Yar Khan-VI,Q59207626,country:pk/province:pb/provincial-constituency:pp-260,country:pk/province:pb
PP-265,Punjab,PP-265 Rahim Yar Khan-XI,Q59207632,country:pk/province:pb/provincial-constituency:pp-265,country:pk/province:pb
PP-264,Punjab,PP-264 Rahim Yar Khan-X,Q59207631,country:pk/province:pb/provincial-constituency:pp-264,country:pk/province:pb
PP-267,Punjab,PP-267 Rahim Yar Khan-XIII,Q59207634,country:pk/province:pb/provincial-constituency:pp-267,country:pk/province:pb
PP-261,Punjab,PP-261 Rahim Yar Khan-VII,Q59207627,country:pk/province:pb/provincial-constituency:pp-261,country:pk/province:pb
PP-262,Punjab,PP-262 Rahim Yar Khan-VIII,Q59207628,country:pk/province:pb/provincial-constituency:pp-262,country:pk/province:pb
PP-263,Punjab,PP-263 Rahim Yar Khan-IX,Q59207630,country:pk/province:pb/provincial-constituency:pp-263,country:pk/province:pb
PP-266,Punjab,PP-266 Rahim Yar Khan-XII,Q59207633,country:pk/province:pb/provincial-constituency:pp-266,country:pk/province:pb
PP-257,Punjab,PP-257 Rahim Yar Khan-III,Q59207623,country:pk/province:pb/provincial-constituency:pp-257,country:pk/province:pb
PP-250,Punjab,PP-250 Bahawalpur-VI,Q59207613,country:pk/province:pb/provincial-constituency:pp-250,country:pk/province:pb
PP-248,Punjab,PP-248 Bahawalpur-IV,Q59207610,country:pk/province:pb/provincial-constituency:pp-248,country:pk/province:pb
PP-247,Punjab,PP-247 Bahawalpur-III,Q59207608,country:pk/province:pb/provincial-constituency:pp-247,country:pk/province:pb
PP-253,Punjab,PP-253 Bahawalpur-IX,Q59207616,country:pk/province:pb/provincial-constituency:pp-253,country:pk/province:pb
PP-249,Punjab,PP-249 Bahawalpur-V,Q59207612,country:pk/province:pb/provincial-constituency:pp-249,country:pk/province:pb
PP-246,Punjab,PP-246 Bahawalpur-II,Q59207607,country:pk/province:pb/provincial-constituency:pp-246,country:pk/province:pb
PP-251,Punjab,PP-251 Bahawalpur-VII,Q59207614,country:pk/province:pb/provincial-constituency:pp-251,country:pk/province:pb
PP-252,Punjab,PP-252 Bahawalpur-VIII,Q59207615,country:pk/province:pb/provincial-constituency:pp-252,country:pk/province:pb
PP-245,Punjab,PP-245 Bahawalpur-I,Q59207606,country:pk/province:pb/provincial-constituency:pp-245,country:pk/province:pb
PP-273,Punjab,PP-273 Muzaffargarh-VI,Q59207642,country:pk/province:pb/provincial-constituency:pp-273,country:pk/province:pb
PP-272,Punjab,PP-272 Muzaffargarh-V,Q59207641,country:pk/province:pb/provincial-constituency:pp-272,country:pk/province:pb
PP-271,Punjab,PP-271 Muzaffargarh-IV,Q59207638,country:pk/province:pb/provincial-constituency:pp-271,country:pk/province:pb
PP-270,Punjab,PP-270 Muzaffargarh-III,Q59207637,country:pk/province:pb/provincial-constituency:pp-270,country:pk/province:pb
PP-269,Punjab,PP-269 Muzaffargarh-II,Q59207636,country:pk/province:pb/provincial-constituency:pp-269,country:pk/province:pb
PP-255,Punjab,PP-255 Rahim Yar Khan-I,Q59207621,country:pk/province:pb/provincial-constituency:pp-255,country:pk/province:pb
PP-254,Punjab,PP-254 Bahawalpur-X,Q59207620,country:pk/province:pb/provincial-constituency:pp-254,country:pk/province:pb
PP-244,Punjab,PP-244 Bahawalnagar-VIII,Q59207604,country:pk/province:pb/provincial-constituency:pp-244,country:pk/province:pb
PP-243,Punjab,PP-243 Bahawalnagar-VII,Q59207603,country:pk/province:pb/provincial-constituency:pp-243,country:pk/province:pb
PP-239,Punjab,PP-239 Bahawalnagar-III,Q59207599,country:pk/province:pb/provincial-constituency:pp-239,country:pk/province:pb
PP-242,Punjab,PP-242 Bahawalnagar-VI,Q59207602,country:pk/province:pb/provincial-constituency:pp-242,country:pk/province:pb
PP-241,Punjab,PP-241 Bahawalnagar-V,Q59207601,country:pk/province:pb/provincial-constituency:pp-241,country:pk/province:pb
PP-240,Punjab,PP-240 Bahawalnagar-IV,Q59207600,country:pk/province:pb/provincial-constituency:pp-240,country:pk/province:pb
PP-238,Punjab,PP-238 Bahawalnagar-II,Q59207598,country:pk/province:pb/provincial-constituency:pp-238,country:pk/province:pb
PP-237,Punjab,PP-237 Bahawalnagar-I,Q59207597,country:pk/province:pb/provincial-constituency:pp-237,country:pk/province:pb
PP-224,Punjab,PP-224 Lodhran-I,Q59207579,country:pk/province:pb/provincial-constituency:pp-224,country:pk/province:pb
PP-225,Punjab,PP-225 Lodhran-II,Q59207580,country:pk/province:pb/provincial-constituency:pp-225,country:pk/province:pb
PP-228,Punjab,PP-228 Lodhran-V,Q59207586,country:pk/province:pb/provincial-constituency:pp-228,country:pk/province:pb
PP-227,Punjab,PP-227 Lodhran-IV,Q59207585,country:pk/province:pb/provincial-constituency:pp-227,country:pk/province:pb
PP-226,Punjab,PP-226 Lodhran-III,Q59207582,country:pk/province:pb/provincial-constituency:pp-226,country:pk/province:pb
PP-236,Punjab,PP-236 Vehari-VIII,Q59207596,country:pk/province:pb/provincial-constituency:pp-236,country:pk/province:pb
PP-235,Punjab,PP-235 Vehari-VII,Q59207593,country:pk/province:pb/provincial-constituency:pp-235,country:pk/province:pb
PP-233,Punjab,PP-233 Vehari-V,Q59207591,country:pk/province:pb/provincial-constituency:pp-233,country:pk/province:pb
PP-234,Punjab,PP-234 Vehari-VI,Q59207592,country:pk/province:pb/provincial-constituency:pp-234,country:pk/province:pb
PP-232,Punjab,PP-232 Vehari-IV,Q59207590,country:pk/province:pb/provincial-constituency:pp-232,country:pk/province:pb
PP-230,Punjab,PP-230 Vehari-II,Q59207588,country:pk/province:pb/provincial-constituency:pp-230,country:pk/province:pb
PP-229,Punjab,PP-229 Vehari-I,Q59207587,country:pk/province:pb/provincial-constituency:pp-229,country:pk/province:pb
PP-231,Punjab,PP-231 Vehari-III,Q59207589,country:pk/province:pb/provincial-constituency:pp-231,country:pk/province:pb
PP-194,Punjab,PP-194 Pakpatan-IV,Q59207540,country:pk/province:pb/provincial-constituency:pp-194,country:pk/province:pb
PP-193,Punjab,PP-193 Pakpatan-III,Q59207539,country:pk/province:pb/provincial-constituency:pp-193,country:pk/province:pb
PP-191,Punjab,PP-191 Pakpatan-I,Q59207536,country:pk/province:pb/provincial-constituency:pp-191,country:pk/province:pb
PP-195,Punjab,PP-195 Pakpatan-V,Q59207541,country:pk/province:pb/provincial-constituency:pp-195,country:pk/province:pb
PP-192,Punjab,PP-192 Pakpatan-II,Q59207538,country:pk/province:pb/provincial-constituency:pp-192,country:pk/province:pb
PP-186,Punjab,PP-186 Okara-IV,Q59207527,country:pk/province:pb/provincial-constituency:pp-186,country:pk/province:pb
PP-185,Punjab,PP-185 Okara-III,Q59207526,country:pk/province:pb/provincial-constituency:pp-185,country:pk/province:pb
PP-184,Punjab,PP-184 Okara-II,Q59207524,country:pk/province:pb/provincial-constituency:pp-184,country:pk/province:pb
PP-183,Punjab,PP-183 Okara-I,Q59207523,country:pk/province:pb/provincial-constituency:pp-183,country:pk/province:pb
PP-187,Punjab,PP-187 Okara-V,Q59207528,country:pk/province:pb/provincial-constituency:pp-187,country:pk/province:pb
PP-189,Punjab,PP-189 Okara-VII,Q59207530,country:pk/province:pb/provincial-constituency:pp-189,country:pk/province:pb
PP-188,Punjab,PP-188 Okara-VI,Q59207529,country:pk/province:pb/provincial-constituency:pp-188,country:pk/province:pb
PP-190,Punjab,PP-190 Okara-VIII,Q59207531,country:pk/province:pb/provincial-constituency:pp-190,country:pk/province:pb
PP-177,Punjab,PP-177 Kasur-IV,Q59207517,country:pk/province:pb/provincial-constituency:pp-177,country:pk/province:pb
PP-178,Punjab,PP-178 Kasur-V,Q59207518,country:pk/province:pb/provincial-constituency:pp-178,country:pk/province:pb
PP-176,Punjab,PP-176 Kasur-III,Q59207516,country:pk/province:pb/provincial-constituency:pp-176,country:pk/province:pb
PP-175,Punjab,PP-175 Kasur-II,Q59207515,country:pk/province:pb/provincial-constituency:pp-175,country:pk/province:pb
PP-174,Punjab,PP-174 Kasur-I,Q59207514,country:pk/province:pb/provincial-constituency:pp-174,country:pk/province:pb
PP-182,Punjab,PP-182 Kasur-IX,Q59207522,country:pk/province:pb/provincial-constituency:pp-182,country:pk/province:pb
PP-181,Punjab,PP-181 Kasur-VIII,Q59207521,country:pk/province:pb/provincial-constituency:pp-181,country:pk/province:pb
PP-179,Punjab,PP-179 Kasur-VI,Q59207519,country:pk/province:pb/provincial-constituency:pp-179,country:pk/province:pb
PP-180,Punjab,PP-180 Kasur-VII,Q59207520,country:pk/province:pb/provincial-constituency:pp-180,country:pk/province:pb
PP-135,Punjab,PP-135 Sheikhupura-I,Q59207461,country:pk/province:pb/provincial-constituency:pp-135,country:pk/province:pb
PP-136,Punjab,PP-136 Sheikhupura-II,Q59207462,country:pk/province:pb/provincial-constituency:pp-136,country:pk/province:pb
PP-137,Punjab,PP-137 Sheikhupura-III,Q59207464,country:pk/province:pb/provincial-constituency:pp-137,country:pk/province:pb
PP-138,Punjab,PP-138 Sheikhupura-IV,Q59207465,country:pk/province:pb/provincial-constituency:pp-138,country:pk/province:pb
PP-140,Punjab,PP-140 Sheikhupura-VI,Q59207467,country:pk/province:pb/provincial-constituency:pp-140,country:pk/province:pb
PP-139,Punjab,PP-139 Sheikhupura-V,Q59207466,country:pk/province:pb/provincial-constituency:pp-139,country:pk/province:pb
PP-141,Punjab,PP-141 Sheikhupura-VII,Q59207468,country:pk/province:pb/provincial-constituency:pp-141,country:pk/province:pb
PP-143,Punjab,PP-143 Sheikhupura-VIX,Q59207470,country:pk/province:pb/provincial-constituency:pp-143,country:pk/province:pb
PP-142,Punjab,PP-142 Sheikhupura-VIII,Q59207469,country:pk/province:pb/provincial-constituency:pp-142,country:pk/province:pb
PP-131,Punjab,PP-131 Nankana Sahib-I,Q59207457,country:pk/province:pb/provincial-constituency:pp-131,country:pk/province:pb
PP-132,Punjab,PP-132 Nankana Sahib-II,Q59207458,country:pk/province:pb/provincial-constituency:pp-132,country:pk/province:pb
PP-133,Punjab,PP-133 Nankana Sahib-III,Q59207459,country:pk/province:pb/provincial-constituency:pp-133,country:pk/province:pb
PP-134,Punjab,PP-134 Nankana Sahib-IV,Q59207460,country:pk/province:pb/provincial-constituency:pp-134,country:pk/province:pb
PP-50,Punjab,PP-50 Narowal-V,Q59207362,country:pk/province:pb/provincial-constituency:pp-50,country:pk/province:pb
PP-49,Punjab,PP-49 Narowal-IV,Q59207361,country:pk/province:pb/provincial-constituency:pp-49,country:pk/province:pb
PP-46,Punjab,PP-46 Narowal-I,Q59207354,country:pk/province:pb/provincial-constituency:pp-46,country:pk/province:pb
PP-48,Punjab,PP-48 Narowal-III,Q59207360,country:pk/province:pb/provincial-constituency:pp-48,country:pk/province:pb
PP-47,Punjab,PP-47 Narowal-II,Q59207359,country:pk/province:pb/provincial-constituency:pp-47,country:pk/province:pb
PP-70,Punjab,PP-70 Hafizabad-II,Q59207384,country:pk/province:pb/provincial-constituency:pp-70,country:pk/province:pb
PP-69,Punjab,PP-69 Hafizabad-I,Q59207383,country:pk/province:pb/provincial-constituency:pp-69,country:pk/province:pb
PP-71,Punjab,PP-71 Hafizabad-III,Q59207385,country:pk/province:pb/provincial-constituency:pp-71,country:pk/province:pb
PP-35,Punjab,PP-35 Sialkot-I,Q59207340,country:pk/province:pb/provincial-constituency:pp-35,country:pk/province:pb
PP-38,Punjab,PP-38 Sialkot-IV,Q59207346,country:pk/province:pb/provincial-constituency:pp-38,country:pk/province:pb
PP-45,Punjab,PP-45 Sialkot-XI,Q59207353,country:pk/province:pb/provincial-constituency:pp-45,country:pk/province:pb
PP-36,Punjab,PP-36 Sialkot-II,Q59207341,country:pk/province:pb/provincial-constituency:pp-36,country:pk/province:pb
PP-37,Punjab,PP-37 Sialkot-III,Q59207342,country:pk/province:pb/provincial-constituency:pp-37,country:pk/province:pb
PP-44,Punjab,PP-44 Sialkot-X,Q59207352,country:pk/province:pb/provincial-constituency:pp-44,country:pk/province:pb
PP-43,Punjab,PP-43 Sialkot-IX,Q59207351,country:pk/province:pb/provincial-constituency:pp-43,country:pk/province:pb
PP-42,Punjab,PP-42 Sialkot-VIII,Q59207350,country:pk/province:pb/provincial-constituency:pp-42,country:pk/province:pb
PP-41,Punjab,PP-41 Sialkot-VII,Q59207349,country:pk/province:pb/provincial-constituency:pp-41,country:pk/province:pb
PP-40,Punjab,PP-40 Sialkot-VI,Q59207348,country:pk/province:pb/provincial-constituency:pp-40,country:pk/province:pb
PP-39,Punjab,PP-39 Sialkot-V,Q59207347,country:pk/province:pb/provincial-constituency:pp-39,country:pk/province:pb
PP-96,Punjab,PP-96 Chiniot-IV,Q59207413,country:pk/province:pb/provincial-constituency:pp-96,country:pk/province:pb
PP-93,Punjab,PP-93 Chiniot-I,Q59207410,country:pk/province:pb/provincial-constituency:pp-93,country:pk/province:pb
PP-94,Punjab,PP-94 Chiniot-II,Q59207411,country:pk/province:pb/provincial-constituency:pp-94,country:pk/province:pb
PP-95,Punjab,PP-95 Chiniot-III,Q59207412,country:pk/province:pb/provincial-constituency:pp-95,country:pk/province:pb
PP-124,Punjab,PP-124 Jhang-I,Q59207448,country:pk/province:pb/provincial-constituency:pp-124,country:pk/province:pb
PP-126,Punjab,PP-126 Jhang-III,Q59207450,country:pk/province:pb/provincial-constituency:pp-126,country:pk/province:pb
PP-127,Punjab,PP-127 Jhang-IV,Q59207451,country:pk/province:pb/provincial-constituency:pp-127,country:pk/province:pb
PP-125,Punjab,PP-125 Jhang-II,Q59207449,country:pk/province:pb/provincial-constituency:pp-125,country:pk/province:pb
PP-128,Punjab,PP-128 Jhang-V,Q59207454,country:pk/province:pb/provincial-constituency:pp-128,country:pk/province:pb
PP-130,Punjab,PP-130 Jhang-VII,Q59207456,country:pk/province:pb/provincial-constituency:pp-130,country:pk/province:pb
PP-129,Punjab,PP-129 Jhang-VI,Q59207455,country:pk/province:pb/provincial-constituency:pp-129,country:pk/province:pb
PP-118,Punjab,PP-118 Toba Tek Singh-I,Q59207438,country:pk/province:pb/provincial-constituency:pp-118,country:pk/province:pb
PP-119,Punjab,PP-119 Toba Tek Singh-II,Q59207440,country:pk/province:pb/provincial-constituency:pp-119,country:pk/province:pb
PP-121,Punjab,PP-121 Toba Tek Singh-IV,Q59207442,country:pk/province:pb/provincial-constituency:pp-121,country:pk/province:pb
PP-120,Punjab,PP-120 Toba Tek Singh-III,Q59207441,country:pk/province:pb/provincial-constituency:pp-120,country:pk/province:pb
PP-122,Punjab,PP-122 Toba Tek Singh-V,Q59207444,country:pk/province:pb/provincial-constituency:pp-122,country:pk/province:pb
PP-123,Punjab,PP-123 Toba Tek Singh-VI,Q59207447,country:pk/province:pb/provincial-constituency:pp-123,country:pk/province:pb
PP-196,Punjab,PP-196 Sahiwal-I,Q59207542,country:pk/province:pb/provincial-constituency:pp-196,country:pk/province:pb
PP-197,Punjab,PP-197 Sahiwal-II,Q59207543,country:pk/province:pb/provincial-constituency:pp-197,country:pk/province:pb
PP-198,Punjab,PP-198 Sahiwal-III,Q59207544,country:pk/province:pb/provincial-constituency:pp-198,country:pk/province:pb
PP-199,Punjab,PP-199 Sahiwal-IV,Q59207545,country:pk/province:pb/provincial-constituency:pp-199,country:pk/province:pb
PP-200,Punjab,PP-200 Sahiwal-V,Q59207548,country:pk/province:pb/provincial-constituency:pp-200,country:pk/province:pb
PP-202,Punjab,PP-202 Sahiwal-VII,Q59207550,country:pk/province:pb/provincial-constituency:pp-202,country:pk/province:pb
PP-201,Punjab,PP-201 Sahiwal-VI,Q59207549,country:pk/province:pb/provincial-constituency:pp-201,country:pk/province:pb
PP-203,Punjab,PP-203 Khanewal-I,Q59207551,country:pk/province:pb/provincial-constituency:pp-203,country:pk/province:pb
PP-204,Punjab,PP-204 Khanewal-II,Q59207552,country:pk/province:pb/provincial-constituency:pp-204,country:pk/province:pb
PP-205,Punjab,PP-205 Khanewal-III,Q59207553,country:pk/province:pb/provincial-constituency:pp-205,country:pk/province:pb
PP-207,Punjab,PP-207 Khanewal-V,Q59207556,country:pk/province:pb/provincial-constituency:pp-207,country:pk/province:pb
PP-208,Punjab,PP-208 Khanewal-VI,Q59207557,country:pk/province:pb/provincial-constituency:pp-208,country:pk/province:pb
PP-209,Punjab,PP-209 Khanewal-VII,Q59207559,country:pk/province:pb/provincial-constituency:pp-209,country:pk/province:pb
PP-206,Punjab,PP-206 Khanewal-IV,Q59207555,country:pk/province:pb/provincial-constituency:pp-206,country:pk/province:pb
PP-210,Punjab,PP-210 Khanewal-VIII,Q59207561,country:pk/province:pb/provincial-constituency:pp-210,country:pk/province:pb
PS-4,Sindh,PS-4 Kashmore-I,Q59207676,country:pk/province:sd/provincial-constituency:ps-4,country:pk/province:sd
PS-6,Sindh,PS-6 Kashmore-III,Q59207678,country:pk/province:sd/provincial-constituency:ps-6,country:pk/province:sd
PS-5,Sindh,PS-5 Kashmore-II,Q59207677,country:pk/province:sd/provincial-constituency:ps-5,country:pk/province:sd
PS-18,Sindh,PS-18 Ghotki-I,Q59207692,country:pk/province:sd/provincial-constituency:ps-18,country:pk/province:sd
PS-19,Sindh,PS-19 Ghotki-II,Q59207693,country:pk/province:sd/provincial-constituency:ps-19,country:pk/province:sd
PS-21,Sindh,PS-21 Ghotki-IV,Q59207696,country:pk/province:sd/provincial-constituency:ps-21,country:pk/province:sd
PS-20,Sindh,PS-20 Ghotki-III,Q59207694,country:pk/province:sd/provincial-constituency:ps-20,country:pk/province:sd
PS-23,Sindh,PS-23 Sukkur-II,Q59207698,country:pk/province:sd/provincial-constituency:ps-23,country:pk/province:sd
PS-22,Sindh,PS-22 Sukkur-I,Q59207697,country:pk/province:sd/provincial-constituency:ps-22,country:pk/province:sd
PS-24,Sindh,PS-24 Sukkur-III,Q59207700,country:pk/province:sd/provincial-constituency:ps-24,country:pk/province:sd
PS-25,Sindh,PS-25 Sukkur-IV,Q59207701,country:pk/province:sd/provincial-constituency:ps-25,country:pk/province:sd
PS-2,Sindh,PS-2 Jacobabad-II,Q59207672,country:pk/province:sd/provincial-constituency:ps-2,country:pk/province:sd
PS-1,Sindh,PS-1 Jacobabad-I,Q59207671,country:pk/province:sd/provincial-constituency:ps-1,country:pk/province:sd
PS-3,Sindh,PS-3 Jacobabad-III,Q59207675,country:pk/province:sd/provincial-constituency:ps-3,country:pk/province:sd
PS-9,Sindh,PS-9 Shikarpur-III,Q59207681,country:pk/province:sd/provincial-constituency:ps-9,country:pk/province:sd
PS-7,Sindh,PS-7 Shikarpur-I,Q59207679,country:pk/province:sd/provincial-constituency:ps-7,country:pk/province:sd
PS-8,Sindh,PS-8 Shikarpur-II,Q59207680,country:pk/province:sd/provincial-constituency:ps-8,country:pk/province:sd
PS-29,Sindh,PS-29 Khairpur-IV,Q59207705,country:pk/province:sd/provincial-constituency:ps-29,country:pk/province:sd
PS-28,Sindh,PS-28 Khairpur-III,Q59207704,country:pk/province:sd/provincial-constituency:ps-28,country:pk/province:sd
PS-27,Sindh,PS-27 Khairpur-II,Q59207703,country:pk/province:sd/provincial-constituency:ps-27,country:pk/province:sd
PS-30,Sindh,PS-30 Khairpur-V,Q59207708,country:pk/province:sd/provincial-constituency:ps-30,country:pk/province:sd
PS-26,Sindh,PS-26 Khairpur-I,Q59207702,country:pk/province:sd/provincial-constituency:ps-26,country:pk/province:sd
PS-32,Sindh,PS-32 Khairpur-VII,Q59207710,country:pk/province:sd/provincial-constituency:ps-32,country:pk/province:sd
PS-31,Sindh,PS-31 Khairpur-VI,Q59207709,country:pk/province:sd/provincial-constituency:ps-31,country:pk/province:sd
PS-42,Sindh,PS-42 Sanghar-II,Q59207725,country:pk/province:sd/provincial-constituency:ps-42,country:pk/province:sd
PS-41,Sindh,PS-41 Sanghar-I,Q59207724,country:pk/province:sd/provincial-constituency:ps-41,country:pk/province:sd
PS-46,Sindh,PS-46 Sanghar-VI,Q59207729,country:pk/province:sd/provincial-constituency:ps-46,country:pk/province:sd
PS-43,Sindh,PS-43 Sanghar-III,Q59207726,country:pk/province:sd/provincial-constituency:ps-43,country:pk/province:sd
PS-44,Sindh,PS-44 Sanghar-IV,Q59207727,country:pk/province:sd/provincial-constituency:ps-44,country:pk/province:sd
PS-45,Sindh,PS-45 Sanghar-V,Q59207728,country:pk/province:sd/provincial-constituency:ps-45,country:pk/province:sd
PS-52,Sindh,PS-52 Umerkot-II,Q59207738,country:pk/province:sd/provincial-constituency:ps-52,country:pk/province:sd
PS-51,Sindh,PS-51 Umerkot-I,Q59207737,country:pk/province:sd/provincial-constituency:ps-51,country:pk/province:sd
PS-53,Sindh,PS-53 Umerkot-III,Q59207739,country:pk/province:sd/provincial-constituency:ps-53,country:pk/province:sd
PS-54,Sindh,PS-54 Tharparkar-I,Q59207741,country:pk/province:sd/provincial-constituency:ps-54,country:pk/province:sd
PS-55,Sindh,PS-55 Tharparkar-II,Q59207742,country:pk/province:sd/provincial-constituency:ps-55,country:pk/province:sd
PS-56,Sindh,PS-56 Tharparkar-III,Q59207743,country:pk/province:sd/provincial-constituency:ps-56,country:pk/province:sd
PS-57,Sindh,PS-57 Tharparkar-IV,Q59207746,country:pk/province:sd/provincial-constituency:ps-57,country:pk/province:sd
PS-72,Sindh,PS-72 Badin-III,Q59207768,country:pk/province:sd/provincial-constituency:ps-72,country:pk/province:sd
PS-73,Sindh,PS-73 Badin-IV,Q59207769,country:pk/province:sd/provincial-constituency:ps-73,country:pk/province:sd
PS-71,Sindh,PS-71 Badin-II,Q59207766,country:pk/province:sd/provincial-constituency:ps-71,country:pk/province:sd
PS-70,Sindh,PS-70 Badin-I,Q59207765,country:pk/province:sd/provincial-constituency:ps-70,country:pk/province:sd
PS-74,Sindh,PS-74 Badin-V,Q59207770,country:pk/province:sd/provincial-constituency:ps-74,country:pk/province:sd
PS-75,Sindh,PS-75 Sujawal-I,Q59207774,country:pk/province:sd/provincial-constituency:ps-75,country:pk/province:sd
PS-76,Sindh,PS-76 Sujawal-II,Q59207775,country:pk/province:sd/provincial-constituency:ps-76,country:pk/province:sd
PS-78,Sindh,PS-78 Thatta-II,Q59207777,country:pk/province:sd/provincial-constituency:ps-78,country:pk/province:sd
PS-79,Sindh,PS-79 Thatta-III,Q59207778,country:pk/province:sd/provincial-constituency:ps-79,country:pk/province:sd
PS-77,Sindh,PS-77 Thatta-I,Q59207776,country:pk/province:sd/provincial-constituency:ps-77,country:pk/province:sd
PS-80,Sindh,PS-80 Jamshoro-I,Q59207779,country:pk/province:sd/provincial-constituency:ps-80,country:pk/province:sd
PS-82,Sindh,PS-82 Jamshoro-III,Q59207781,country:pk/province:sd/provincial-constituency:ps-82,country:pk/province:sd
PS-81,Sindh,PS-81 Jamshoro-II,Q59207780,country:pk/province:sd/provincial-constituency:ps-81,country:pk/province:sd
PS-69,Sindh,PS-69 Tando Muhammad Khan-II,Q59207764,country:pk/province:sd/provincial-constituency:ps-69,country:pk/province:sd
PS-68,Sindh,PS-68 Tando Muhammad Khan-I,Q59207763,country:pk/province:sd/provincial-constituency:ps-68,country:pk/province:sd
PS-50,Sindh,PS-50 Mirpurkhas-IV,Q59207736,country:pk/province:sd/provincial-constituency:ps-50,country:pk/province:sd
PS-49,Sindh,PS-49 Mirpurkhas-III,Q59207735,country:pk/province:sd/provincial-constituency:ps-49,country:pk/province:sd
PS-47,Sindh,PS-47 Mirpurkhas-I,Q59207730,country:pk/province:sd/provincial-constituency:ps-47,country:pk/province:sd
PS-48,Sindh,PS-48 Mirpurkhas-II,Q59207734,country:pk/province:sd/provincial-constituency:ps-48,country:pk/province:sd
PS-61,Sindh,PS-61 Tando Allahyar-II,Q59207750,country:pk/province:sd/provincial-constituency:ps-61,country:pk/province:sd
PS-60,Sindh,PS-60 Tando Allahyar-I,Q59207749,country:pk/province:sd/provincial-constituency:ps-60,country:pk/province:sd
PS-59,Sindh,PS-59 Matiari-II,Q59207748,country:pk/province:sd/provincial-constituency:ps-59,country:pk/province:sd
PS-58,Sindh,PS-58 Matiari-I,Q59207747,country:pk/province:sd/provincial-constituency:ps-58,country:pk/province:sd
PS-37,Sindh,PS-37 Shaheed Benazirabadr-I,Q59207716,country:pk/province:sd/provincial-constituency:ps-37,country:pk/province:sd
PS-38,Sindh,PS-38 Shaheed Benazirabadr-II,Q59207717,country:pk/province:sd/provincial-constituency:ps-38,country:pk/province:sd
PS-39,Sindh,PS-39 Shaheed Benazirabadr-III,Q59207722,country:pk/province:sd/provincial-constituency:ps-39,country:pk/province:sd
PS-40,Sindh,PS-40 Shaheed Benazirabadr-IV,Q59207723,country:pk/province:sd/provincial-constituency:ps-40,country:pk/province:sd
PS-36,Sindh,PS-36 Naushahro Feroz-IV,Q59207715,country:pk/province:sd/provincial-constituency:ps-36,country:pk/province:sd
PS-35,Sindh,PS-35 Naushahro Feroz-III,Q59207714,country:pk/province:sd/provincial-constituency:ps-35,country:pk/province:sd
PS-34,Sindh,PS-34 Naushahro Feroz-II,Q59207713,country:pk/province:sd/provincial-constituency:ps-34,country:pk/province:sd
PS-33,Sindh,PS-33 Naushahro Feroz-I,Q59207711,country:pk/province:sd/provincial-constituency:ps-33,country:pk/province:sd
PS-13,Sindh,PS-13 Larkana-IV,Q59207687,country:pk/province:sd/provincial-constituency:ps-13,country:pk/province:sd
PS-12,Sindh,PS-12 Larkana-III,Q59207686,country:pk/province:sd/provincial-constituency:ps-12,country:pk/province:sd
PS-11,Sindh,PS-11 Larkana-II,Q59207684,country:pk/province:sd/provincial-constituency:ps-11,country:pk/province:sd
PS-10,Sindh,PS-10 Larkana-I,Q59207683,country:pk/province:sd/provincial-constituency:ps-10,country:pk/province:sd
PS-86,Sindh,PS-86 Dadu-IV,Q59207791,country:pk/province:sd/provincial-constituency:ps-86,country:pk/province:sd
PS-85,Sindh,PS-85 Dadu-III,Q59207790,country:pk/province:sd/provincial-constituency:ps-85,country:pk/province:sd
PS-84,Sindh,PS-84 Dadu-II,Q59207789,country:pk/province:sd/provincial-constituency:ps-84,country:pk/province:sd
PS-83,Sindh,PS-83 Dadu-I,Q59207783,country:pk/province:sd/provincial-constituency:ps-83,country:pk/province:sd
PS-17,Sindh,PS-17 Kamber Shahdadkot-IV,Q59207691,country:pk/province:sd/provincial-constituency:ps-17,country:pk/province:sd
PS-16,Sindh,PS-16 Kamber Shahdadkot-III,Q59207690,country:pk/province:sd/provincial-constituency:ps-16,country:pk/province:sd
PS-15,Sindh,PS-15 Kamber Shahdadkot-II,Q59207689,country:pk/province:sd/provincial-constituency:ps-15,country:pk/province:sd
PS-14,Sindh,PS-14 Kamber Shahdadkot-I,Q59207688,country:pk/province:sd/provincial-constituency:ps-14,country:pk/province:sd
PK-1,Khyber PakhtunKhwa,PK-1 Chitral,Q19600912,country:pk/province:kp/provincial-constituency:pk-1,country:pk/province:kp
PK-12,Khyber PakhtunKhwa,PK-12 Upper Dir-III,Q19600831,country:pk/province:kp/provincial-constituency:pk-12,country:pk/province:kp
PK-11,Khyber PakhtunKhwa,PK-11 Upper Dir-II,Q19600830,country:pk/province:kp/provincial-constituency:pk-11,country:pk/province:kp
PK-10,Khyber PakhtunKhwa,PK-10 Upper Dir-I,Q59210213,country:pk/province:kp/provincial-constituency:pk-10,country:pk/province:kp
PK-17,Khyber PakhtunKhwa,PK-17 Lower Dir-V,Q19600836,country:pk/province:kp/provincial-constituency:pk-17,country:pk/province:kp
PK-16,Khyber PakhtunKhwa,PK-16 Lower Dir-IV,Q17069395,country:pk/province:kp/provincial-constituency:pk-16,country:pk/province:kp
PK-15,Khyber PakhtunKhwa,PK-15 Lower Dir-III,Q19600834,country:pk/province:kp/provincial-constituency:pk-15,country:pk/province:kp
PK-14,Khyber PakhtunKhwa,PK-14 Lower Dir-II,Q19600833,country:pk/province:kp/provincial-constituency:pk-14,country:pk/province:kp
PK-13,Khyber PakhtunKhwa,PK-13 Lower Dir-I,Q19600832,country:pk/province:kp/provincial-constituency:pk-13,country:pk/province:kp
PK-2,Khyber PakhtunKhwa,PK-2 Swat-I,Q59210203,country:pk/province:kp/provincial-constituency:pk-2,country:pk/province:kp
PK-8,Khyber PakhtunKhwa,PK-8 Swat-VII,Q59210210,country:pk/province:kp/provincial-constituency:pk-8,country:pk/province:kp
PK-9,Khyber PakhtunKhwa,PK-9 Swat-VIII,Q59210212,country:pk/province:kp/provincial-constituency:pk-9,country:pk/province:kp
PK-3,Khyber PakhtunKhwa,PK-3 Swat-II,Q59210205,country:pk/province:kp/provincial-constituency:pk-3,country:pk/province:kp
PK-5,Khyber PakhtunKhwa,PK-5 Swat-IV,Q59210207,country:pk/province:kp/provincial-constituency:pk-5,country:pk/province:kp
PK-4,Khyber PakhtunKhwa,PK-4 Swat-III,Q59210206,country:pk/province:kp/provincial-constituency:pk--4,country:pk/province:kp
PK-6,Khyber PakhtunKhwa,PK-6 Swat-V,Q59210208,country:pk/province:kp/provincial-constituency:pk-6,country:pk/province:kp
PK-7,Khyber PakhtunKhwa,PK-7 Swat-VI,Q59210209,country:pk/province:kp/provincial-constituency:pk-7,country:pk/province:kp
PK-18,Khyber PakhtunKhwa,PK-18 Malakand Protected Area-I,Q59210217,country:pk/province:kp/provincial-constituency:pk-18,country:pk/province:kp
PK-19,Khyber PakhtunKhwa,PK-19 Malakand Protected Area-II,Q59210218,country:pk/province:kp/provincial-constituency:pk-19,country:pk/province:kp
PK-56,Khyber PakhtunKhwa,PK-56 Charsadda-I,Q59210266,country:pk/province:kp/provincial-constituency:pk-56,country:pk/province:kp
PK-60,Khyber PakhtunKhwa,PK-60 Charsadda-V,Q59210271,country:pk/province:kp/provincial-constituency:pk-60,country:pk/province:kp
PK-59,Khyber PakhtunKhwa,PK-59 Charsadda-IV,Q59210270,country:pk/province:kp/provincial-constituency:pk-59,country:pk/province:kp
PK-57,Khyber PakhtunKhwa,PK-57 Charsadda-II,Q59210267,country:pk/province:kp/provincial-constituency:pk-57,country:pk/province:kp
PK-58,Khyber PakhtunKhwa,PK-58 Charsadda-III,Q59210269,country:pk/province:kp/provincial-constituency:pk--58,country:pk/province:kp
PK-20,Khyber PakhtunKhwa,PK-20 Buner-I,Q59210219,country:pk/province:kp/provincial-constituency:pk-20,country:pk/province:kp
PK-21,Khyber PakhtunKhwa,PK-21 Buner-II,Q59210220,country:pk/province:kp/provincial-constituency:pk-21,country:pk/province:kp
PK-22,Khyber PakhtunKhwa,PK-22 Buner-III,Q59210221,country:pk/province:kp/provincial-constituency:pk-22,country:pk/province:kp
PK-24,Khyber PakhtunKhwa,PK-24 Shangla-II,Q59210222,country:pk/province:kp/provincial-constituency:pk-24,country:pk/province:kp
PK-23,Khyber PakhtunKhwa,PK-23 Shangla-I,Q19600842,country:pk/province:kp/provincial-constituency:pk-23,country:pk/province:kp
PK-28,Khyber PakhtunKhwa,PK-28 Battagram-I,Q59210226,country:pk/province:kp/provincial-constituency:pk-28,country:pk/province:kp
PK-29,Khyber PakhtunKhwa,PK-29 Battagram-II,Q59210227,country:pk/province:kp/provincial-constituency:pk-29,country:pk/province:kp
PK-35,Khyber PakhtunKhwa,PK-35 Tor Ghar,Q59210232,country:pk/province:kp/provincial-constituency:pk-35,country:pk/province:kp
PK-48,Khyber PakhtunKhwa,PK-48 Mardan-I,Q59210254,country:pk/province:kp/provincial-constituency:pk-48,country:pk/province:kp
PK-55,Khyber PakhtunKhwa,PK-55 Mardan-VIII,Q59210261,country:pk/province:kp/provincial-constituency:pk-55,country:pk/province:kp
PK-54,Khyber PakhtunKhwa,PK-54 Mardan-VII,Q59210260,country:pk/province:kp/provincial-constituency:pk-54,country:pk/province:kp
PK-53,Khyber PakhtunKhwa,PK-53 Mardan-VI,Q59210259,country:pk/province:kp/provincial-constituency:pk-53,country:pk/province:kp
PK-52,Khyber PakhtunKhwa,PK-52 Mardan-V,Q59210258,country:pk/province:kp/provincial-constituency:pk-52,country:pk/province:kp
PK-51,Khyber PakhtunKhwa,PK-51 Mardan-IV,Q59210257,country:pk/province:kp/provincial-constituency:pk-51,country:pk/province:kp
PK-50,Khyber PakhtunKhwa,PK-50 Mardan-III,Q59210256,country:pk/province:kp/provincial-constituency:pk-50,country:pk/province:kp
PK-49,Khyber PakhtunKhwa,PK-49 Mardan-II,Q59210255,country:pk/province:kp/provincial-constituency:pk-49,country:pk/province:kp
PK-43,Khyber PakhtunKhwa,PK-43 Swabi-I,Q59210245,country:pk/province:kp/provincial-constituency:pk-43,country:pk/province:kp
PK-44,Khyber PakhtunKhwa,PK-44 Swabi-II,Q59210246,country:pk/province:kp/provincial-constituency:pk-44,country:pk/province:kp
PK-45,Khyber PakhtunKhwa,PK-45 Swabi-III,Q59210248,country:pk/province:kp/provincial-constituency:pk--45,country:pk/province:kp
PK-46,Khyber PakhtunKhwa,PK-46 Swabi-IV,Q59210249,country:pk/province:kp/provincial-constituency:pk-46,country:pk/province:kp
PK-47,Khyber PakhtunKhwa,PK-47 Swabi-V,Q59210252,country:pk/province:kp/provincial-constituency:pk-47,country:pk/province:kp
PK-62,Khyber PakhtunKhwa,PK-62 Nowshera-II,Q59210274,country:pk/province:kp/provincial-constituency:pk-62,country:pk/province:kp
PK-61,Khyber PakhtunKhwa,PK-61 Nowshera-I,Q59210272,country:pk/province:kp/provincial-constituency:pk-61,country:pk/province:kp
PK-63,Khyber PakhtunKhwa,PK-63 Nowshera-III,Q59210275,country:pk/province:kp/provincial-constituency:pk-63,country:pk/province:kp
PK-64,Khyber PakhtunKhwa,PK-64 Nowshera-IV,Q59210276,country:pk/province:kp/provincial-constituency:pk-64,country:pk/province:kp
PK-65,Khyber PakhtunKhwa,PK-65 Nowshera-V,Q59210280,country:pk/province:kp/provincial-constituency:pk-65,country:pk/province:kp
PK-80,Khyber PakhtunKhwa,PK-80 Kohat-I,Q59210298,country:pk/province:kp/provincial-constituency:pk-80,country:pk/province:kp
PK-81,Khyber PakhtunKhwa,PK-81 Kohat-II,Q59210299,country:pk/province:kp/provincial-constituency:pk-81,country:pk/province:kp
PK-82,Khyber PakhtunKhwa,PK-82 Kohat-III,Q59210300,country:pk/province:kp/provincial-constituency:pk-82,country:pk/province:kp
PK-83,Khyber PakhtunKhwa,PK-83 Hangu-I,Q59210301,country:pk/province:kp/provincial-constituency:pk-83,country:pk/province:kp
PK-84,Khyber PakhtunKhwa,PK-84 Hangu-II,Q59210303,country:pk/province:kp/provincial-constituency:pk-84,country:pk/province:kp
PK-85,Khyber PakhtunKhwa,PK-85 Karak-I,Q59210304,country:pk/province:kp/provincial-constituency:pk-85,country:pk/province:kp
PK-86,Khyber PakhtunKhwa,PK-86 Karak-II,Q59210305,country:pk/province:kp/provincial-constituency:pk-86,country:pk/province:kp
PK-91,Khyber PakhtunKhwa,PK-91 Lakki Marwat-I,Q59210310,country:pk/province:kp/provincial-constituency:pk-91,country:pk/province:kp
PK-93,Khyber PakhtunKhwa,PK-93 Lakki Marwat-III,Q59210313,country:pk/province:kp/provincial-constituency:pk-93,country:pk/province:kp
PK-92,Khyber PakhtunKhwa,PK-92 Lakki Marwat-II,Q59210311,country:pk/province:kp/provincial-constituency:pk-92,country:pk/province:kp
PK-95,Khyber PakhtunKhwa,PK-95 Dera Ismail Khan-I,Q59210316,country:pk/province:kp/provincial-constituency:pk-95,country:pk/province:kp
PK-96,Khyber PakhtunKhwa,PK-96 Dera Ismail Khan-II,Q59210317,country:pk/province:kp/provincial-constituency:pk-96,country:pk/province:kp
PK-97,Khyber PakhtunKhwa,PK-97 Dera Ismail Khan-III,Q19600887,country:pk/province:kp/provincial-constituency:pk-97,country:pk/province:kp
PK-98,Khyber PakhtunKhwa,PK-98 Dera Ismail Khan-IV,Q59210318,country:pk/province:kp/provincial-constituency:pk-98,country:pk/province:kp
PK-99,Khyber PakhtunKhwa,PK-99 Dera Ismail Khan-V,Q59210319,country:pk/province:kp/provincial-constituency:pk-99,country:pk/province:kp
PK-94,Khyber PakhtunKhwa,PK-94 Tank,Q59210314,country:pk/province:kp/provincial-constituency:pk-94,country:pk/province:kp
PK-30,Khyber PakhtunKhwa,PK-30 Mansehra-I,Q19600850,country:pk/province:kp/provincial-constituency:pk-30,country:pk/province:kp
PK-31,Khyber PakhtunKhwa,PK-31 Mansehra-II,Q59210228,country:pk/province:kp/provincial-constituency:pk-31,country:pk/province:kp
PK-34,Khyber PakhtunKhwa,PK-34 Mansehra-V,Q59210231,country:pk/province:kp/provincial-constituency:pk-34,country:pk/province:kp
PK-33,Khyber PakhtunKhwa,PK-33 Mansehra-IV,Q59210230,country:pk/province:kp/provincial-constituency:pk-33,country:pk/province:kp
PK-32,Khyber PakhtunKhwa,PK-32 Mansehra-III,Q59210229,country:pk/province:kp/provincial-constituency:pk-32,country:pk/province:kp
PK-40,Khyber PakhtunKhwa,PK-40 Haripur-I,Q59210241,country:pk/province:kp/provincial-constituency:pk-40,country:pk/province:kp
PK-42,Khyber PakhtunKhwa,PK-42 Haripur-III,Q59210243,country:pk/province:kp/provincial-constituency:pk-42,country:pk/province:kp
PK-41,Khyber PakhtunKhwa,PK-41 Haripur-II,Q59210242,country:pk/province:kp/provincial-constituency:pk-41,country:pk/province:kp
PK-36,Khyber PakhtunKhwa,PK-36 Abbottabad-I,Q59210234,country:pk/province:kp/provincial-constituency:pk-36,country:pk/province:kp
PK-37,Khyber PakhtunKhwa,PK-37 Abbottabad-II,Q59210236,country:pk/province:kp/provincial-constituency:pk-37,country:pk/province:kp
PK-39,Khyber PakhtunKhwa,PK-39 Abbottabad-IV,Q59210240,country:pk/province:kp/provincial-constituency:pk-39,country:pk/province:kp
PK-38,Khyber PakhtunKhwa,PK-38 Abbottabad-III,Q59210239,country:pk/province:kp/provincial-constituency:pk-38,country:pk/province:kp
PK-87,Khyber PakhtunKhwa,PK-87 Bannu-I,Q59210306,country:pk/province:kp/provincial-constituency:pk-87,country:pk/province:kp
PK-90,Khyber PakhtunKhwa,PK-90 Bannu-IV,Q59210309,country:pk/province:kp/provincial-constituency:pk--90,country:pk/province:kp
PK-88,Khyber PakhtunKhwa,PK-88 Bannu-II,Q59210307,country:pk/province:kp/provincial-constituency:pk-88,country:pk/province:kp
PK-89,Khyber PakhtunKhwa,PK-89 Bannu-III,Q59210308,country:pk/province:kp/provincial-constituency:pk-89,country:pk/province:kp
PK-66,Khyber PakhtunKhwa,PK-66 Peshawar-I,Q19600820,country:pk/province:kp/provincial-constituency:pk-66,country:pk/province:kp
PK-67,Khyber PakhtunKhwa,PK-67 Peshawar-II,Q59210281,country:pk/province:kp/provincial-constituency:pk-67,country:pk/province:kp
PK-68,Khyber PakhtunKhwa,PK-68 Peshawar-III,Q59210282,country:pk/province:kp/provincial-constituency:pk-68,country:pk/province:kp
PK-69,Khyber PakhtunKhwa,PK-69 Peshawar-IV,Q59210283,country:pk/province:kp/provincial-constituency:pk-69,country:pk/province:kp
PK-76,Khyber PakhtunKhwa,PK-76 Peshawar-XI,Q59210294,country:pk/province:kp/provincial-constituency:pk-76,country:pk/province:kp
PK-77,Khyber PakhtunKhwa,PK-77 Peshawar-XII,Q59210295,country:pk/province:kp/provincial-constituency:pk-77,country:pk/province:kp
PK-78,Khyber PakhtunKhwa,PK-78 Peshawar-XIII,Q59210296,country:pk/province:kp/provincial-constituency:pk-78,country:pk/province:kp
PK-75,Khyber PakhtunKhwa,PK-75 Peshawar-X,Q59210292,country:pk/province:kp/provincial-constituency:pk-75,country:pk/province:kp
PK-79,Khyber PakhtunKhwa,PK-79 Peshawar-XIV,Q59210297,country:pk/province:kp/provincial-constituency:pk-79,country:pk/province:kp
PK-70,Khyber PakhtunKhwa,PK-70 Peshawar-V,Q59210284,country:pk/province:kp/provincial-constituency:pk-70,country:pk/province:kp
PK-71,Khyber PakhtunKhwa,PK-71 Peshawar-VI,Q59210285,country:pk/province:kp/provincial-constituency:pk-71,country:pk/province:kp
PK-74,Khyber PakhtunKhwa,PK-74 Peshawar-IX,Q59210288,country:pk/province:kp/provincial-constituency:pk-74,country:pk/province:kp
PK-72,Khyber PakhtunKhwa,PK-72 Peshawar-VII,Q59210286,country:pk/province:kp/provincial-constituency:pk-72,country:pk/province:kp
PK-73,Khyber PakhtunKhwa,PK-73 Peshawar-VIII,Q59210287,country:pk/province:kp/provincial-constituency:pk-73,country:pk/province:kp
PK-27,Khyber PakhtunKhwa,PK-27 Kolai Palas Kohistan,Q59210225,country:pk/province:kp/provincial-constituency:pk-27,country:pk/province:kp
PK-25,Khyber PakhtunKhwa,PK-25 Kohistan,Q59210223,country:pk/province:kp/provincial-constituency:pk-25,country:pk/province:kp
PK-26,Khyber PakhtunKhwa,PK-26 Kohistan Lower,Q59210224,country:pk/province:kp/provincial-constituency:pk-26,country:pk/province:kp
PB-1,Balochistan,PB-1 Musakhail-cum-Sherani,Q59207228,country:pk/province:ba/provincial-constituency:pb-1,country:pk/province:ba
PB-7,Balochistan,PB-7 Sibi-cum-Lehri,Q59207234,country:pk/province:ba/provincial-constituency:pb-7,country:pk/province:ba
PB-45,Balochistan,PB-45 Kech-I,Q59207293,country:pk/province:ba/provincial-constituency:pb-45,country:pk/province:ba
PB-48,Balochistan,PB-48 Kech-IV,Q59207297,country:pk/province:ba/provincial-constituency:pb-48,country:pk/province:ba
PB-46,Balochistan,PB-46 Kech-II,Q59207294,country:pk/province:ba/provincial-constituency:pb-46,country:pk/province:ba
PB-47,Balochistan,PB-47 Kech-III,Q59207296,country:pk/province:ba/provincial-constituency:pb-47,country:pk/province:ba
PB-6,Balochistan,PB-6 Ziarat-Cum-Harnai,Q59207233,country:pk/province:ba/provincial-constituency:pb-6,country:pk/province:ba
PB-9,Balochistan,PB-9 Kohlu,Q59207242,country:pk/province:ba/provincial-constituency:pb-9,country:pk/province:ba
PB-43,Balochistan,PB-43 Panjgur,Q59207288,country:pk/province:ba/provincial-constituency:pb-43,country:pk/province:ba
PB-44,Balochistan,PB-44 Awaran-Cum-Pajgur,Q59207292,country:pk/province:ba/provincial-constituency:pb-44,country:pk/province:ba
PB-49,Balochistan,PB-49 Lasbela-I,Q59207298,country:pk/province:ba/provincial-constituency:pb-49,country:pk/province:ba
PB-50,Balochistan,PB-50 Lasbela-II,Q59207299,country:pk/province:ba/provincial-constituency:pb-50,country:pk/province:ba
PB-51,Balochistan,PB-51 Gawadar,Q59207300,country:pk/province:ba/provincial-constituency:pb-51,country:pk/province:ba
PB-41,Balochistan,PB-41 Washuk,Q59207286,country:pk/province:ba/provincial-constituency:pb-41,country:pk/province:ba
PB-34,Balochistan,PB-34 Chagai,Q59207278,country:pk/province:ba/provincial-constituency:pb-34,country:pk/province:ba
PB-42,Balochistan,PB-42 Kharan,Q59207287,country:pk/province:ba/provincial-constituency:pb-42,country:pk/province:ba
PB-40,Balochistan,PB-40 Khuzdar-III,Q59207285,country:pk/province:ba/provincial-constituency:pb-40,country:pk/province:ba
PB-39,Balochistan,PB-39 Khuzdar-II,Q59207284,country:pk/province:ba/provincial-constituency:pb-39,country:pk/province:ba
PB-38,Balochistan,PB-38 Khuzdar-I,Q59207283,country:pk/province:ba/provincial-constituency:pb-38,country:pk/province:ba
PB-33,Balochistan,PB-33 Nushki,Q59207277,country:pk/province:ba/provincial-constituency:pb-33,country:pk/province:ba
PB-18,Balochistan,PB-18 Pishin-I,Q59207257,country:pk/province:ba/provincial-constituency:pb-18,country:pk/province:ba
PB-19,Balochistan,PB-19 Pishin-II,Q59207258,country:pk/province:ba/provincial-constituency:pb-19,country:pk/province:ba
PB-20,Balochistan,PB-20 Pishin-III,Q59207260,country:pk/province:ba/provincial-constituency:pb-20,country:pk/province:ba
PB-11,Balochistan,PB-11 Nasirabad-I,Q59207245,country:pk/province:ba/provincial-constituency:pb-11,country:pk/province:ba
PB-12,Balochistan,PB-12 Nasirabad-II,Q59207246,country:pk/province:ba/provincial-constituency:pb-12,country:pk/province:ba
PB-14,Balochistan,PB-14 Jaffarabad-II,Q59207248,country:pk/province:ba/provincial-constituency:pb-14,country:pk/province:ba
PB-13,Balochistan,PB-13 Jaffarabad-I,Q59207247,country:pk/province:ba/provincial-constituency:pb-13,country:pk/province:ba
PB-15,Balochistan,PB-15 Sohbat Pur,Q59207249,country:pk/province:ba/provincial-constituency:pb-15,country:pk/province:ba
PB-16,Balochistan,PB-16 Jhall Magsi-cum-Kachhi,Q59207250,country:pk/province:ba/provincial-constituency:pb-16,country:pk/province:ba
PB-2,Balochistan,PB-2 Zhob,Q59207229,country:pk/province:ba/provincial-constituency:pb-2,country:pk/province:ba
PB-3,Balochistan,PB-3 Killa Saifullah,Q59207230,country:pk/province:ba/provincial-constituency:pb-3,country:pk/province:ba
PB-8,Balochistan,PB-8 Barkhan,Q59207241,country:pk/province:ba/provincial-constituency:pb-8,country:pk/province:ba
PB-10,Balochistan,PB-10 Dera Bugti,Q59207244,country:pk/province:ba/provincial-constituency:pb-10,country:pk/province:ba
PB-35,Balochistan,PB-35 Mustung,Q59207280,country:pk/province:ba/provincial-constituency:pb-35,country:pk/province:ba
PB-17,Balochistan,PB-17 Kachhi-cum-Mastung,Q59207256,country:pk/province:ba/provincial-constituency:pb-17,country:pk/province:ba
PB-21,Balochistan,PB-21 Killa Abdullah-I,Q59207262,country:pk/province:ba/provincial-constituency:pb-21,country:pk/province:ba
PB-22,Balochistan,PB-22 Killa Abdullah-II,Q59207263,country:pk/province:ba/provincial-constituency:pb-22,country:pk/province:ba
PB-23,Balochistan,PB-23 Killa Abdullah-III,Q59207264,country:pk/province:ba/provincial-constituency:pb-23,country:pk/province:ba
PB-5,Balochistan,PB-5 Duki,Q59207232,country:pk/province:ba/provincial-constituency:pb-5,country:pk/province:ba
PB-4,Balochistan,PB-4 Loralai,Q59207231,country:pk/province:ba/provincial-constituency:pb-4,country:pk/province:ba
PB-36,Balochistan,PB-36 Shaheed Sikandarabad,Q59207281,country:pk/province:ba/provincial-constituency:pb-36,country:pk/province:ba
PB-37,Balochistan,PB-37 Kalat,Q59207282,country:pk/province:ba/provincial-constituency:pb-37,country:pk/province:ba
PS-90,Sindh,PS-90 Malir-IV,Q59207795,country:pk/province:sd/provincial-constituency:ps-90,country:pk/province:sd
PS-87,Sindh,PS-87 Malir-I,Q59207792,country:pk/province:sd/provincial-constituency:ps-87,country:pk/province:sd
PS-88,Sindh,PS-88 Malir-II,Q59207793,country:pk/province:sd/provincial-constituency:ps-88,country:pk/province:sd
PS-99,Sindh,PS-99 Karachi East-I,Q59207809,country:pk/province:sd/provincial-constituency:ps-99,country:pk/province:sd
PS-100,Sindh,PS-100 Karachi East-II,Q59207810,country:pk/province:sd/provincial-constituency:ps-100,country:pk/province:sd
PS-105,Sindh,PS-105 Karachi East-VII,Q59207819,country:pk/province:sd/provincial-constituency:ps-105,country:pk/province:sd
PS-106,Sindh,PS-106 Karachi East-VIII,Q59207820,country:pk/province:sd/provincial-constituency:ps-106,country:pk/province:sd
PS-102,Sindh,PS-102 Karachi East-IV,Q59207816,country:pk/province:sd/provincial-constituency:ps-102,country:pk/province:sd
PS-101,Sindh,PS-101 Karachi East-III,Q59207811,country:pk/province:sd/provincial-constituency:ps-101,country:pk/province:sd
PS-103,Sindh,PS-103 Karachi East-V,Q59207817,country:pk/province:sd/provincial-constituency:ps-103,country:pk/province:sd
PS-91,Sindh,PS-91 Malir-V,Q59207797,country:pk/province:sd/provincial-constituency:ps-91,country:pk/province:sd
PS-89,Sindh,PS-89 Malir-III,Q59207794,country:pk/province:sd/provincial-constituency:ps-89,country:pk/province:sd
PS-104,Sindh,PS-104 Karachi East-VI,Q59207818,country:pk/province:sd/provincial-constituency:ps-104,country:pk/province:sd
PS-97,Sindh,PS-97 Korangi Karachi-VI,Q59207807,country:pk/province:sd/provincial-constituency:ps-97,country:pk/province:sd
PS-98,Sindh,PS-98 Korangi Karachi-VII,Q59207808,country:pk/province:sd/provincial-constituency:ps-98,country:pk/province:sd
PS-92,Sindh,PS-92 Korangi Karachi-I,Q59207798,country:pk/province:sd/provincial-constituency:ps-92,country:pk/province:sd
PS-93,Sindh,PS-93 Korangi Karachi-II,Q59207802,country:pk/province:sd/provincial-constituency:ps-93,country:pk/province:sd
PS-96,Sindh,PS-96 Korangi Karachi-V,Q59207805,country:pk/province:sd/provincial-constituency:ps-96,country:pk/province:sd
PS-95,Sindh,PS-95 Korangi Karachi-IV,Q59207804,country:pk/province:sd/provincial-constituency:ps-95,country:pk/province:sd
PS-94,Sindh,PS-94 Korangi Karachi-III,Q59207803,country:pk/province:sd/provincial-constituency:ps-94,country:pk/province:sd
PS-123,Sindh,PS-123 Karachi Central-I,Q59207844,country:pk/province:sd/provincial-constituency:ps-123,country:pk/province:sd
PS-130,Sindh,PS-130 Karachi Central-VIII,Q59207856,country:pk/province:sd/provincial-constituency:ps-130,country:pk/province:sd
PS-129,Sindh,PS-129 Karachi Central-VII,Q59207855,country:pk/province:sd/provincial-constituency:ps-129,country:pk/province:sd
PS-128,Sindh,PS-128 Karachi Central-VI,Q59207850,country:pk/province:sd/provincial-constituency:ps-128,country:pk/province:sd
PS-127,Sindh,PS-127 Karachi Central-V,Q59207849,country:pk/province:sd/provincial-constituency:ps-127,country:pk/province:sd
PS-126,Sindh,PS-126 Karachi Central-IV,Q59207848,country:pk/province:sd/provincial-constituency:ps-126,country:pk/province:sd
PS-125,Sindh,PS-125 Karachi Central-III,Q59207847,country:pk/province:sd/provincial-constituency:ps-125,country:pk/province:sd
PS-124,Sindh,PS-124 Karachi Central-II,Q59207845,country:pk/province:sd/provincial-constituency:ps-124,country:pk/province:sd
PS-112,Sindh,PS-112 Karachi west-I,Q59207828,country:pk/province:sd/provincial-constituency:ps-112,country:pk/province:sd
PS-113,Sindh,PS-113 Karachi west-II,Q59207829,country:pk/province:sd/provincial-constituency:ps-113,country:pk/province:sd
PS-121,Sindh,PS-121 Karachi west-X,Q59207841,country:pk/province:sd/provincial-constituency:ps-121,country:pk/province:sd
PS-122,Sindh,PS-122 Karachi west-XI,Q59207843,country:pk/province:sd/provincial-constituency:ps-122,country:pk/province:sd
PS-116,Sindh,PS-116 Karachi west-V,Q59207834,country:pk/province:sd/provincial-constituency:ps-116,country:pk/province:sd
PS-117,Sindh,PS-117 Karachi west-VI,Q59207836,country:pk/province:sd/provincial-constituency:ps-117,country:pk/province:sd
PS-115,Sindh,PS-115 Karachi west-IV,Q59207833,country:pk/province:sd/provincial-constituency:ps-115,country:pk/province:sd
PS-114,Sindh,PS-114 Karachi west-III,Q59207831,country:pk/province:sd/provincial-constituency:ps-114,country:pk/province:sd
PS-120,Sindh,PS-120 Karachi west-IX,Q59207840,country:pk/province:sd/provincial-constituency:ps-120,country:pk/province:sd
PS-119,Sindh,PS-119 Karachi west-VIII,Q59207838,country:pk/province:sd/provincial-constituency:ps-119,country:pk/province:sd
PS-118,Sindh,PS-118 Karachi west-VII,Q59207837,country:pk/province:sd/provincial-constituency:ps-118,country:pk/province:sd
PS-111,Sindh,PS-111 Karachi South-V,Q59207827,country:pk/province:sd/provincial-constituency:ps-111,country:pk/province:sd
PS-110,Sindh,PS-110 Karachi South-IV,Q59207825,country:pk/province:sd/provincial-constituency:ps-110,country:pk/province:sd
PS-107,Sindh,PS-107 Karachi South-I,Q59207821,country:pk/province:sd/provincial-constituency:ps-107,country:pk/province:sd
PS-109,Sindh,PS-109 Karachi South-III,Q59207823,country:pk/province:sd/provincial-constituency:ps-109,country:pk/province:sd
PS-108,Sindh,PS-108 Karachi South-II,Q59207822,country:pk/province:sd/provincial-constituency:ps-108,country:pk/province:sd
PP-169,Punjab,PP-169 Lahore-XXVI,Q59207506,country:pk/province:pb/provincial-constituency:pp-169,country:pk/province:pb
PP-162,Punjab,PP-162 Lahore-XIX,Q59207497,country:pk/province:pb/provincial-constituency:pp-162,country:pk/province:pb
PP-155,Punjab,PP-155 Lahore-XII,Q59207489,country:pk/province:pb/provincial-constituency:pp-155,country:pk/province:pb
PP-145,Punjab,PP-145 Lahore-II,Q59207472,country:pk/province:pb/provincial-constituency:pp-145,country:pk/province:pb
PP-146,Punjab,PP-146 Lahore-III,Q59207476,country:pk/province:pb/provincial-constituency:pp-146,country:pk/province:pb
PP-148,Punjab,PP-148 Lahore-V,Q59207479,country:pk/province:pb/provincial-constituency:pp-148,country:pk/province:pb
PP-153,Punjab,PP-153 Lahore-X,Q59207484,country:pk/province:pb/provincial-constituency:pp-153,country:pk/province:pb
PP-154,Punjab,PP-154 Lahore-XI,Q59207486,country:pk/province:pb/provincial-constituency:pp-154,country:pk/province:pb
PP-156,Punjab,PP-156 Lahore-XIII,Q59207490,country:pk/province:pb/provincial-constituency:pp-156,country:pk/province:pb
PP-157,Punjab,PP-157 Lahore-XIV,Q59207491,country:pk/province:pb/provincial-constituency:pp-157,country:pk/province:pb
PP-147,Punjab,PP-147 Lahore-IV,Q59207478,country:pk/province:pb/provincial-constituency:pp-147,country:pk/province:pb
PP-144,Punjab,PP-144 Lahore-I,Q59207471,country:pk/province:pb/provincial-constituency:pp-144,country:pk/province:pb
PP-149,Punjab,PP-149 Lahore-VI,Q59207480,country:pk/province:pb/provincial-constituency:pp-149,country:pk/province:pb
PP-173,Punjab,PP-173 Lahore-XXX,Q59207513,country:pk/province:pb/provincial-constituency:pp-173,country:pk/province:pb
PP-163,Punjab,PP-163 Lahore-XX,Q59207498,country:pk/province:pb/provincial-constituency:pp-163,country:pk/province:pb
PP-159,Punjab,PP-159 Lahore-XVI,Q59207494,country:pk/province:pb/provincial-constituency:pp-159,country:pk/province:pb
PP-166,Punjab,PP-166 Lahore-XXIII,Q59207502,country:pk/province:pb/provincial-constituency:pp-166,country:pk/province:pb
PP-167,Punjab,PP-167 Lahore-XXIV,Q59207503,country:pk/province:pb/provincial-constituency:pp-167,country:pk/province:pb
PP-171,Punjab,PP-171 Lahore-XXVIII,Q59207509,country:pk/province:pb/provincial-constituency:pp-171,country:pk/province:pb
PP-172,Punjab,PP-172 Lahore-XXIX,Q59207510,country:pk/province:pb/provincial-constituency:pp-172,country:pk/province:pb
PP-165,Punjab,PP-165 Lahore-XXII,Q59207501,country:pk/province:pb/provincial-constituency:pp-165,country:pk/province:pb
PP-168,Punjab,PP-168 Lahore-XXV,Q59207505,country:pk/province:pb/provincial-constituency:pp-168,country:pk/province:pb
PP-161,Punjab,PP-161 Lahore-XVIII,Q59207496,country:pk/province:pb/provincial-constituency:pp-161,country:pk/province:pb
PP-151,Punjab,PP-151 Lahore-VIII,Q59207482,country:pk/province:pb/provincial-constituency:pp-151,country:pk/province:pb
PP-150,Punjab,PP-150 Lahore-VII,Q59207481,country:pk/province:pb/provincial-constituency:pp-150,country:pk/province:pb
PP-152,Punjab,PP-152 Lahore-IX,Q59207483,country:pk/province:pb/provincial-constituency:pp-152,country:pk/province:pb
PP-160,Punjab,PP-160 Lahore-XVII,Q59207495,country:pk/province:pb/provincial-constituency:pp-160,country:pk/province:pb
PP-170,Punjab,PP-170 Lahore-XXVII,Q59207507,country:pk/province:pb/provincial-constituency:pp-170,country:pk/province:pb
PP-158,Punjab,PP-158 Lahore-XV,Q59207493,country:pk/province:pb/provincial-constituency:pp-158,country:pk/province:pb
PP-164,Punjab,PP-164 Lahore-XXI,Q59207500,country:pk/province:pb/provincial-constituency:pp-164,country:pk/province:pb
PP-110,Punjab,PP-110 Faisalabad-XIV,Q59207430,country:pk/province:pb/provincial-constituency:pp-110,country:pk/province:pb
PP-111,Punjab,PP-111 Faisalabad-XV,Q59207431,country:pk/province:pb/provincial-constituency:pp-111,country:pk/province:pb
PP-112,Punjab,PP-112 Faisalabad-XVI,Q59207432,country:pk/province:pb/provincial-constituency:pp-112,country:pk/province:pb
PP-116,Punjab,PP-116 Faisalabad-XX,Q59207436,country:pk/province:pb/provincial-constituency:pp-116,country:pk/province:pb
PP-109,Punjab,PP-109 Faisalabad-XIII,Q59207429,country:pk/province:pb/provincial-constituency:pp-109,country:pk/province:pb
PP-97,Punjab,PP-97 Faisalabad-I,Q59207414,country:pk/province:pb/provincial-constituency:pp-97,country:pk/province:pb
PP-117,Punjab,PP-117 Faisalabad-XXI,Q59207437,country:pk/province:pb/provincial-constituency:pp-117,country:pk/province:pb
PP-98,Punjab,PP-98 Faisalabad-II,Q59207415,country:pk/province:pb/provincial-constituency:pp-98,country:pk/province:pb
PP-99,Punjab,PP-99 Faisalabad-III,Q59207416,country:pk/province:pb/provincial-constituency:pp-99,country:pk/province:pb
PP-100,Punjab,PP-100 Faisalabad-IV,Q59207417,country:pk/province:pb/provincial-constituency:pp-100,country:pk/province:pb
PP-106,Punjab,PP-106 Faisalabad-X,Q59207425,country:pk/province:pb/provincial-constituency:pp-106,country:pk/province:pb
PP-114,Punjab,PP-114 Faisalabad-XVIII,Q59207434,country:pk/province:pb/provincial-constituency:pp-114,country:pk/province:pb
PP-107,Punjab,PP-107 Faisalabad-XI,Q59207426,country:pk/province:pb/provincial-constituency:pp-107,country:pk/province:pb
PP-113,Punjab,PP-113 Faisalabad-XVII,Q59207433,country:pk/province:pb/provincial-constituency:pp-113,country:pk/province:pb
PP-108,Punjab,PP-108 Faisalabad-XII,Q59207428,country:pk/province:pb/provincial-constituency:pp-108,country:pk/province:pb
PP-115,Punjab,PP-115 Faisalabad-XIX,Q59207435,country:pk/province:pb/provincial-constituency:pp-115,country:pk/province:pb
PP-104,Punjab,PP-104 Faisalabad-VIII,Q59207423,country:pk/province:pb/provincial-constituency:pp-104,country:pk/province:pb
PP-103,Punjab,PP-103 Faisalabad-VII,Q59207422,country:pk/province:pb/provincial-constituency:pp-103,country:pk/province:pb
PP-102,Punjab,PP-102 Faisalabad-VI,Q59207421,country:pk/province:pb/provincial-constituency:pp-102,country:pk/province:pb
PP-105,Punjab,PP-105 Faisalabad-IX,Q59207424,country:pk/province:pb/provincial-constituency:pp-105,country:pk/province:pb
PP-101,Punjab,PP-101 Faisalabad-V,Q59207420,country:pk/province:pb/provincial-constituency:pp-101,country:pk/province:pb
PP-55,Punjab,PP-55 Gujranwala-V,Q59207367,country:pk/province:pb/provincial-constituency:pp-55,country:pk/province:pb
PP-57,Punjab,PP-57 Gujranwala-VII,Q59207370,country:pk/province:pb/provincial-constituency:pp-57,country:pk/province:pb
PP-56,Punjab,PP-56 Gujranwala-VI,Q59207369,country:pk/province:pb/provincial-constituency:pp-56,country:pk/province:pb
PP-58,Punjab,PP-58 Gujranwala-VIII,Q59207371,country:pk/province:pb/provincial-constituency:pp-58,country:pk/province:pb
PP-54,Punjab,PP-54 Gujranwala-IV,Q59207366,country:pk/province:pb/provincial-constituency:pp-54,country:pk/province:pb
PP-52,Punjab,PP-52 Gujranwala-II,Q59207364,country:pk/province:pb/provincial-constituency:pp-52,country:pk/province:pb
PP-51,Punjab,PP-51 Gujranwala-I,Q59207363,country:pk/province:pb/provincial-constituency:pp-51,country:pk/province:pb
PP-53,Punjab,PP-53 Gujranwala-III,Q59207365,country:pk/province:pb/provincial-constituency:pp-53,country:pk/province:pb
PP-62,Punjab,PP-62 Gujranwala-XII,Q59207375,country:pk/province:pb/provincial-constituency:pp-62,country:pk/province:pb
PP-64,Punjab,PP-64 Gujranwala-XIV,Q59207377,country:pk/province:pb/provincial-constituency:pp-64,country:pk/province:pb
PP-63,Punjab,PP-63 Gujranwala-XIII,Q59207376,country:pk/province:pb/provincial-constituency:pp-63,country:pk/province:pb
PP-61,Punjab,PP-61 Gujranwala-XI,Q59207374,country:pk/province:pb/provincial-constituency:pp-61,country:pk/province:pb
PP-60,Punjab,PP-60 Gujranwala-X,Q59207373,country:pk/province:pb/provincial-constituency:pp-60,country:pk/province:pb
PP-59,Punjab,PP-59 Gujranwala-IX,Q59207372,country:pk/province:pb/provincial-constituency:pp-59,country:pk/province:pb
PP-223,Punjab,PP-223 Multan-XIII,Q59207578,country:pk/province:pb/provincial-constituency:pp-223,country:pk/province:pb
PP-222,Punjab,PP-222 Multan-XII,Q59207577,country:pk/province:pb/provincial-constituency:pp-222,country:pk/province:pb
PP-221,Punjab,PP-221 Multan-XI,Q59207576,country:pk/province:pb/provincial-constituency:pp-221,country:pk/province:pb
PP-220,Punjab,PP-220 Multan-X,Q59207575,country:pk/province:pb/provincial-constituency:pp-220,country:pk/province:pb
PP-219,Punjab,PP-219 Multan-IX,Q59207574,country:pk/province:pb/provincial-constituency:pp-219,country:pk/province:pb
PP-212,Punjab,PP-212 Multan-II,Q59207563,country:pk/province:pb/provincial-constituency:pp-212,country:pk/province:pb
PP-218,Punjab,PP-218 Multan-VIII,Q59207573,country:pk/province:pb/provincial-constituency:pp-218,country:pk/province:pb
PP-211,Punjab,PP-211 Multan-I,Q59207562,country:pk/province:pb/provincial-constituency:pp-211,country:pk/province:pb
PP-216,Punjab,PP-216 Multan-VI,Q59207567,country:pk/province:pb/provincial-constituency:pp-216,country:pk/province:pb
PP-215,Punjab,PP-215 Multan-V,Q59207566,country:pk/province:pb/provincial-constituency:pp-215,country:pk/province:pb
PP-214,Punjab,PP-214 Multan-IV,Q59207565,country:pk/province:pb/provincial-constituency:pp-214,country:pk/province:pb
PP-217,Punjab,PP-217 Multan-VII,Q59207568,country:pk/province:pb/provincial-constituency:pp-217,country:pk/province:pb
PP-17,Punjab,PP-17 Rawalpindi-XII,Q59207320,country:pk/province:pb/provincial-constituency:pp-17,country:pk/province:pb
PP-16,Punjab,PP-16 Rawalpindi-XI,Q59207319,country:pk/province:pb/provincial-constituency:pp-16,country:pk/province:pb
PP-11,Punjab,PP-11 Rawalpindi-VI,Q59207312,country:pk/province:pb/provincial-constituency:pp-11,country:pk/province:pb
PP-18,Punjab,PP-18 Rawalpindi-XIII,Q59207321,country:pk/province:pb/provincial-constituency:pp-18,country:pk/province:pb
PP-15,Punjab,PP-15 Rawalpindi-X,Q59207317,country:pk/province:pb/provincial-constituency:pp-15,country:pk/province:pb
PP-14,Punjab,PP-14 Rawalpindi-IX,Q59207316,country:pk/province:pb/provincial-constituency:pp-14,country:pk/province:pb
PP-6,Punjab,PP-6 Rawalpindi-I,Q59207307,country:pk/province:pb/provincial-constituency:pp-6,country:pk/province:pb
PP-7,Punjab,PP-7 Rawalpindi-II,Q59207308,country:pk/province:pb/provincial-constituency:pp-7,country:pk/province:pb
PP-8,Punjab,PP-8 Rawalpindi-III,Q59207309,country:pk/province:pb/provincial-constituency:pp-8,country:pk/province:pb
PP-9,Punjab,PP-9 Rawalpindi-IV,Q59207310,country:pk/province:pb/provincial-constituency:pp-9,country:pk/province:pb
PP-10,Punjab,PP-10 Rawalpindi-V,Q59207311,country:pk/province:pb/provincial-constituency:pp-10,country:pk/province:pb
PP-19,Punjab,PP-19 Rawalpindi-XIV,Q59207322,country:pk/province:pb/provincial-constituency:pp-19,country:pk/province:pb
PP-20,Punjab,PP-20 Rawalpindi-XV,Q59207325,country:pk/province:pb/provincial-constituency:pp-20,country:pk/province:pb
PP-13,Punjab,PP-13 Rawalpindi-VIII,Q59207315,country:pk/province:pb/provincial-constituency:pp-13,country:pk/province:pb
PP-12,Punjab,PP-12 Rawalpindi-VII,Q59207313,country:pk/province:pb/provincial-constituency:pp-12,country:pk/province:pb
PS-63,Sindh,PS-63 Hyderabad-II,Q59207753,country:pk/province:sd/provincial-constituency:ps-63,country:pk/province:sd
PS-64,Sindh,PS-64 Hyderabad-III,Q59207756,country:pk/province:sd/provincial-constituency:ps-64,country:pk/province:sd
PS-62,Sindh,PS-62 Hyderabad-I,Q59207751,country:pk/province:sd/provincial-constituency:ps-62,country:pk/province:sd
PS-65,Sindh,PS-65 Hyderabad-IV,Q59207757,country:pk/province:sd/provincial-constituency:ps-65,country:pk/province:sd
PS-66,Sindh,PS-66 Hyderabad-V,Q59207760,country:pk/province:sd/provincial-constituency:ps-66,country:pk/province:sd
PS-67,Sindh,PS-67 Hyderabad-VI,Q59207761,country:pk/province:sd/provincial-constituency:ps-67,country:pk/province:sd
PB-24,Balochistan,PB-24 Quetta-I,Q59207265,country:pk/province:ba/provincial-constituency:pb-24,country:pk/province:ba
PB-28,Balochistan,PB-28 Quetta-V,Q59207272,country:pk/province:ba/provincial-constituency:pb-28,country:pk/province:ba
PB-27,Balochistan,PB-27 Quetta-IV,Q59207271,country:pk/province:ba/provincial-constituency:pb-27,country:pk/province:ba
PB-30,Balochistan,PB-30 Quetta-VII,Q59207274,country:pk/province:ba/provincial-constituency:pb-30,country:pk/province:ba
PB-31,Balochistan,PB-31 Quetta-VIII,Q59207275,country:pk/province:ba/provincial-constituency:pb-31,country:pk/province:ba
PB-26,Balochistan,PB-26 Quetta-III,Q59207270,country:pk/province:ba/provincial-constituency:pb-26,country:pk/province:ba
PB-25,Balochistan,PB-25 Quetta-II,Q59207266,country:pk/province:ba/provincial-constituency:pb-25,country:pk/province:ba
PB-29,Balochistan,PB-29 Quetta-VI,Q59207273,country:pk/province:ba/provincial-constituency:pb-29,country:pk/province:ba
PB-32,Balochistan,PB-32 Quetta-IX,Q59207276,country:pk/province:ba/provincial-constituency:pb-32,country:pk/province:ba
PP-213,Punjab,PP-213 Multan-III,Q59207564,country:pk/province:pb/provincial-constituency:pp-213,country:pk/province:pb
